[
  {
    "policy_id": "PTN001",
    "holder_id": "H0001",
    "state_code": "TN",
    "state": "Tennessee",
    "carrier": "Liberty Lakes Insurance",
    "effective_date": "2025-04-16",
    "expiration_date": "2025-04-16",
    "coverage_form": "HO-3",
    "annual_premium": 3209.52,
    "deductible_type": "flat",
    "deductible_value": 1000,
    "has_mortgagee": false,
    "mortgagee_name": "",
    "mortgagee_loan_no": "",
    "status": "Active",
    "coverage_a": 1000000,
    "coverage_b": 100000,
    "coverage_c": 700000,
    "coverage_d": 200000,
    "liability_limit": 100000,
    "med_pay_limit": 5000,
    "endorsements": "Ordinance or Law 10%; Service Line; ID Theft",
    "property_address": "4147 Birch Dr, Nashville, TN 37408",
    "year_built": 2001,
    "roof_type": "Slate",
    "construction_type": "Concrete",
    "square_feet": 1868,
    "stories": 2
  },
  {
    "policy_id": "PTN002",
    "holder_id": "H0002",
    "state_code": "TN",
    "state": "Tennessee",
    "carrier": "Liberty Lakes Insurance",
    "effective_date": "2024-06-17",
    "expiration_date": "2024-06-17",
    "coverage_form": "HO-3",
    "annual_premium": 3049.05,
    "deductible_type": "flat",
    "deductible_value": 1500,
    "has_mortgagee": true,
    "mortgagee_name": "First National Mortgage",
    "mortgagee_loan_no": "3177759181",
    "status": "Pending Renewal",
    "coverage_a": 1000000,
    "coverage_b": 100000,
    "coverage_c": 600000,
    "coverage_d": 200000,
    "liability_limit": 500000,
    "med_pay_limit": 5000,
    "endorsements": "Ordinance or Law 10%; Water Backup",
    "property_address": "9164 Pine Rd, Nashville, TN 37211",
    "year_built": 2016,
    "roof_type": "Tile",
    "construction_type": "Modular",
    "square_feet": 2437,
    "stories": 2
  },
  {
    "policy_id": "PTN003",
    "holder_id": "H0003",
    "state_code": "TN",
    "state": "Tennessee",
    "carrier": "Summit Home & Casualty",
    "effective_date": "2025-04-01",
    "expiration_date": "2025-04-01",
    "coverage_form": "HO-3",
    "annual_premium": 1419.52,
    "deductible_type": "flat",
    "deductible_value": 1000,
    "has_mortgagee": false,
    "mortgagee_name": "",
    "mortgagee_loan_no": "",
    "status": "Pending Renewal",
    "coverage_a": 350000,
    "coverage_b": 35000,
    "coverage_c": 175000,
    "coverage_d": 70000,
    "liability_limit": 500000,
    "med_pay_limit": 10000,
    "endorsements": "Equipment Breakdown; ID Theft; Ordinance or Law 10%",
    "property_address": "2956 Elm St, Murfreesboro, TN 38117",
    "year_built": 1984,
    "roof_type": "Asphalt",
    "construction_type": "Brick",
    "square_feet": 1781,
    "stories": 1
  },
  {
    "policy_id": "PTN004",
    "holder_id": "H0004",
    "state_code": "TN",
    "state": "Tennessee",
    "carrier": "Centurion Mutual",
    "effective_date": "2025-09-20",
    "expiration_date": "2025-09-20",
    "coverage_form": "HO-3",
    "annual_premium": 3209.52,
    "deductible_type": "flat",
    "deductible_value": 2500,
    "has_mortgagee": true,
    "mortgagee_name": "AmeriHome Lending",
    "mortgagee_loan_no": "2451679724",
    "status": "Active",
    "coverage_a": 1000000,
    "coverage_b": 100000,
    "coverage_c": 700000,
    "coverage_d": 200000,
    "liability_limit": 100000,
    "med_pay_limit": 5000,
    "endorsements": "Service Line; Water Backup",
    "property_address": "905 Birch Dr, Franklin, TN 37209",
    "year_built": 2003,
    "roof_type": "Slate",
    "construction_type": "Modular",
    "square_feet": 1900,
    "stories": 1
  },
  {
    "policy_id": "PTN005",
    "holder_id": "H0005",
    "state_code": "TN",
    "state": "Tennessee",
    "carrier": "Liberty Lakes Insurance",
    "effective_date": "2024-09-02",
    "expiration_date": "2024-09-02",
    "coverage_form": "HO-3",
    "annual_premium": 2347.86,
    "deductible_type": "flat",
    "deductible_value": 1000,
    "has_mortgagee": false,
    "mortgagee_name": "",
    "mortgagee_loan_no": "",
    "status": "Active",
    "coverage_a": 750000,
    "coverage_b": 75000,
    "coverage_c": 450000,
    "coverage_d": 187500,
    "liability_limit": 100000,
    "med_pay_limit": 10000,
    "endorsements": "Water Backup; Ordinance or Law 10%; Equipment Breakdown",
    "property_address": "1062 Pine Rd, Chattanooga, TN 37211",
    "year_built": 2013,
    "roof_type": "Tile",
    "construction_type": "Concrete",
    "square_feet": 1547,
    "stories": 1
  },
  {
    "policy_id": "PTN006",
    "holder_id": "H0006",
    "state_code": "TN",
    "state": "Tennessee",
    "carrier": "Liberty Lakes Insurance",
    "effective_date": "2024-09-17",
    "expiration_date": "2024-09-17",
    "coverage_form": "HO-3",
    "annual_premium": 3610.0,
    "deductible_type": "flat",
    "deductible_value": 1500,
    "has_mortgagee": false,
    "mortgagee_name": "",
    "mortgagee_loan_no": "",
    "status": "Pending Renewal",
    "coverage_a": 1200000,
    "coverage_b": 120000,
    "coverage_c": 720000,
    "coverage_d": 240000,
    "liability_limit": 300000,
    "med_pay_limit": 1000,
    "endorsements": "ID Theft; Service Line",
    "property_address": "1011 Cedar Ln, Chattanooga, TN 37408",
    "year_built": 2018,
    "roof_type": "Wood",
    "construction_type": "Frame",
    "square_feet": 2171,
    "stories": 2
  },
  {
    "policy_id": "PTN007",
    "holder_id": "H0007",
    "state_code": "TN",
    "state": "Tennessee",
    "carrier": "Liberty Lakes Insurance",
    "effective_date": "2025-04-21",
    "expiration_date": "2025-04-21",
    "coverage_form": "HO-3",
    "annual_premium": 2582.64,
    "deductible_type": "flat",
    "deductible_value": 1000,
    "has_mortgagee": true,
    "mortgagee_name": "First National Mortgage",
    "mortgagee_loan_no": "2623669411",
    "status": "Pending Renewal",
    "coverage_a": 750000,
    "coverage_b": 75000,
    "coverage_c": 525000,
    "coverage_d": 187500,
    "liability_limit": 500000,
    "med_pay_limit": 5000,
    "endorsements": "Service Line; ID Theft; Ordinance or Law 25%",
    "property_address": "8944 Willow Way, Chattanooga, TN 38117",
    "year_built": 1966,
    "roof_type": "Asphalt",
    "construction_type": "Concrete",
    "square_feet": 3277,
    "stories": 1
  },
  {
    "policy_id": "PTN008",
    "holder_id": "H0008",
    "state_code": "TN",
    "state": "Tennessee",
    "carrier": "Centurion Mutual",
    "effective_date": "2025-06-15",
    "expiration_date": "2025-06-15",
    "coverage_form": "HO-3",
    "annual_premium": 4180.0,
    "deductible_type": "flat",
    "deductible_value": 1000,
    "has_mortgagee": true,
    "mortgagee_name": "United Bank Home Loans",
    "mortgagee_loan_no": "7994248048",
    "status": "Active",
    "coverage_a": 1200000,
    "coverage_b": 120000,
    "coverage_c": 840000,
    "coverage_d": 360000,
    "liability_limit": 300000,
    "med_pay_limit": 10000,
    "endorsements": "Ordinance or Law 10%; Service Line",
    "property_address": "3687 Pine Rd, Murfreesboro, TN 37902",
    "year_built": 1968,
    "roof_type": "Slate",
    "construction_type": "Frame",
    "square_feet": 915,
    "stories": 2
  },
  {
    "policy_id": "PTN009",
    "holder_id": "H0009",
    "state_code": "TN",
    "state": "Tennessee",
    "carrier": "Liberty Lakes Insurance",
    "effective_date": "2024-03-10",
    "expiration_date": "2024-03-10",
    "coverage_form": "HO-3",
    "annual_premium": 1811.33,
    "deductible_type": "flat",
    "deductible_value": 2500,
    "has_mortgagee": true,
    "mortgagee_name": "United Bank Home Loans",
    "mortgagee_loan_no": "8837875948",
    "status": "Active",
    "coverage_a": 500000,
    "coverage_b": 50000,
    "coverage_c": 350000,
    "coverage_d": 125000,
    "liability_limit": 100000,
    "med_pay_limit": 1000,
    "endorsements": "Equipment Breakdown; Ordinance or Law 10%; Water Backup",
    "property_address": "5145 Cedar Ln, Murfreesboro, TN 37408",
    "year_built": 1966,
    "roof_type": "Metal",
    "construction_type": "Stucco",
    "square_feet": 1326,
    "stories": 2
  },
  {
    "policy_id": "PTN010",
    "holder_id": "H0010",
    "state_code": "TN",
    "state": "Tennessee",
    "carrier": "Summit Home & Casualty",
    "effective_date": "2024-03-01",
    "expiration_date": "2024-03-01",
    "coverage_form": "HO-3",
    "annual_premium": 731.5,
    "deductible_type": "flat",
    "deductible_value": 2500,
    "has_mortgagee": false,
    "mortgagee_name": "",
    "mortgagee_loan_no": "",
    "status": "Active",
    "coverage_a": 150000,
    "coverage_b": 15000,
    "coverage_c": 105000,
    "coverage_d": 37500,
    "liability_limit": 100000,
    "med_pay_limit": 10000,
    "endorsements": "Ordinance or Law 10%; ID Theft",
    "property_address": "448 Willow Way, Memphis, TN 37209",
    "year_built": 1994,
    "roof_type": "Slate",
    "construction_type": "Concrete",
    "square_feet": 3504,
    "stories": 2
  },
  {
    "policy_id": "PTX001",
    "holder_id": "H0011",
    "state_code": "TX",
    "state": "Texas",
    "carrier": "Summit Home & Casualty",
    "effective_date": "2024-07-19",
    "expiration_date": "2024-07-19",
    "coverage_form": "HO-3",
    "annual_premium": 3018.56,
    "deductible_type": "percent_wind_hail",
    "deductible_value": 0.01,
    "has_mortgagee": false,
    "mortgagee_name": "",
    "mortgagee_loan_no": "",
    "status": "Pending Renewal",
    "coverage_a": 1000000,
    "coverage_b": 100000,
    "coverage_c": 700000,
    "coverage_d": 200000,
    "liability_limit": 500000,
    "med_pay_limit": 1000,
    "endorsements": "Animal Liability Sublimit; Water Backup; Ordinance or Law 10%",
    "property_address": "3721 Hickory Blvd, Dallas, TX 78701",
    "year_built": 1971,
    "roof_type": "Wood",
    "construction_type": "Frame",
    "square_feet": 3474,
    "stories": 2
  },
  {
    "policy_id": "PTX002",
    "holder_id": "H0012",
    "state_code": "TX",
    "state": "Texas",
    "carrier": "Centurion Mutual",
    "effective_date": "2025-06-27",
    "expiration_date": "2025-06-27",
    "coverage_form": "HO-3",
    "annual_premium": 1419.52,
    "deductible_type": "flat",
    "deductible_value": 1500,
    "has_mortgagee": false,
    "mortgagee_name": "",
    "mortgagee_loan_no": "",
    "status": "Pending Renewal",
    "coverage_a": 350000,
    "coverage_b": 35000,
    "coverage_c": 210000,
    "coverage_d": 87500,
    "liability_limit": 500000,
    "med_pay_limit": 5000,
    "endorsements": "Water Backup; Animal Liability Sublimit; Service Line; Ordinance or Law 10%",
    "property_address": "6720 Walnut Pl, Austin, TX 78205",
    "year_built": 1973,
    "roof_type": "Asphalt",
    "construction_type": "Frame",
    "square_feet": 1952,
    "stories": 2
  },
  {
    "policy_id": "PTX003",
    "holder_id": "H0013",
    "state_code": "TX",
    "state": "Texas",
    "carrier": "Summit Home & Casualty",
    "effective_date": "2024-04-06",
    "expiration_date": "2024-04-06",
    "coverage_form": "HO-3",
    "annual_premium": 1348.55,
    "deductible_type": "flat",
    "deductible_value": 1000,
    "has_mortgagee": false,
    "mortgagee_name": "",
    "mortgagee_loan_no": "",
    "status": "Pending Renewal",
    "coverage_a": 350000,
    "coverage_b": 35000,
    "coverage_c": 244999,
    "coverage_d": 87500,
    "liability_limit": 300000,
    "med_pay_limit": 1000,
    "endorsements": "Animal Liability Sublimit; Service Line; Water Backup; Ordinance or Law 10%",
    "property_address": "7065 Hickory Blvd, Houston, TX 75034",
    "year_built": 1963,
    "roof_type": "Slate",
    "construction_type": "Brick",
    "square_feet": 3179,
    "stories": 2
  },
  {
    "policy_id": "PTX004",
    "holder_id": "H0014",
    "state_code": "TX",
    "state": "Texas",
    "carrier": "Summit Home & Casualty",
    "effective_date": "2025-01-21",
    "expiration_date": "2025-01-21",
    "coverage_form": "HO-3",
    "annual_premium": 3353.95,
    "deductible_type": "flat",
    "deductible_value": 1500,
    "has_mortgagee": true,
    "mortgagee_name": "AmeriHome Lending",
    "mortgagee_loan_no": "6109927757",
    "status": "Active",
    "coverage_a": 1000000,
    "coverage_b": 100000,
    "coverage_c": 700000,
    "coverage_d": 200000,
    "liability_limit": 100000,
    "med_pay_limit": 1000,
    "endorsements": "Animal Liability Sublimit; Roof ACV; Water Backup",
    "property_address": "9836 Pine Rd, Frisco, TX 75034",
    "year_built": 1997,
    "roof_type": "Slate",
    "construction_type": "Brick",
    "square_feet": 2245,
    "stories": 2
  },
  {
    "policy_id": "PTX005",
    "holder_id": "H0015",
    "state_code": "TX",
    "state": "Texas",
    "carrier": "Liberty Lakes Insurance",
    "effective_date": "2024-12-14",
    "expiration_date": "2025-12-14",
    "coverage_form": "HO-3",
    "annual_premium": 2224.29,
    "deductible_type": "percent_wind_hail",
    "deductible_value": 0.02,
    "has_mortgagee": false,
    "mortgagee_name": "",
    "mortgagee_loan_no": "",
    "status": "Pending Renewal",
    "coverage_a": 750000,
    "coverage_b": 75000,
    "coverage_c": 450000,
    "coverage_d": 225000,
    "liability_limit": 300000,
    "med_pay_limit": 10000,
    "endorsements": "Ordinance or Law 10%; Animal Liability Sublimit",
    "property_address": "165 Oak Ave, Frisco, TX 75201",
    "year_built": 2008,
    "roof_type": "Asphalt",
    "construction_type": "Concrete",
    "square_feet": 1098,
    "stories": 1
  },
  {
    "policy_id": "PTX006",
    "holder_id": "H0016",
    "state_code": "TX",
    "state": "Texas",
    "carrier": "Centurion Mutual",
    "effective_date": "2024-10-25",
    "expiration_date": "2024-10-25",
    "coverage_form": "HO-3",
    "annual_premium": 693.0,
    "deductible_type": "percent_wind_hail",
    "deductible_value": 0.03,
    "has_mortgagee": true,
    "mortgagee_name": "First National Mortgage",
    "mortgagee_loan_no": "6619421111",
    "status": "Pending Renewal",
    "coverage_a": 150000,
    "coverage_b": 15000,
    "coverage_c": 75000,
    "coverage_d": 30000,
    "liability_limit": 100000,
    "med_pay_limit": 5000,
    "endorsements": "Service Line; Ordinance or Law 10%",
    "property_address": "2737 Oak Ave, Dallas, TX 77002",
    "year_built": 1970,
    "roof_type": "Asphalt",
    "construction_type": "Stucco",
    "square_feet": 1077,
    "stories": 1
  },
  {
    "policy_id": "PTX007",
    "holder_id": "H0017",
    "state_code": "TX",
    "state": "Texas",
    "carrier": "Liberty Lakes Insurance",
    "effective_date": "2024-12-21",
    "expiration_date": "2025-12-21",
    "coverage_form": "HO-3",
    "annual_premium": 3530.48,
    "deductible_type": "flat",
    "deductible_value": 2500,
    "has_mortgagee": true,
    "mortgagee_name": "First National Mortgage",
    "mortgagee_loan_no": "9415420673",
    "status": "Pending Renewal",
    "coverage_a": 1000000,
    "coverage_b": 100000,
    "coverage_c": 700000,
    "coverage_d": 250000,
    "liability_limit": 100000,
    "med_pay_limit": 10000,
    "endorsements": "Water Backup; Ordinance or Law 10%",
    "property_address": "7703 Spruce Ct, Austin, TX 75034",
    "year_built": 1973,
    "roof_type": "Metal",
    "construction_type": "Modular",
    "square_feet": 2695,
    "stories": 1
  },
  {
    "policy_id": "PTX008",
    "holder_id": "H0018",
    "state_code": "TX",
    "state": "Texas",
    "carrier": "Liberty Lakes Insurance",
    "effective_date": "2024-11-18",
    "expiration_date": "2024-11-18",
    "coverage_form": "HO-3",
    "annual_premium": 1290.48,
    "deductible_type": "flat",
    "deductible_value": 1000,
    "has_mortgagee": true,
    "mortgagee_name": "First National Mortgage",
    "mortgagee_loan_no": "6649512599",
    "status": "Pending Renewal",
    "coverage_a": 350000,
    "coverage_b": 35000,
    "coverage_c": 244999,
    "coverage_d": 105000,
    "liability_limit": 100000,
    "med_pay_limit": 1000,
    "endorsements": "Ordinance or Law 10%; Roof ACV; Service Line",
    "property_address": "1227 Pine Rd, Houston, TX 75201",
    "year_built": 2002,
    "roof_type": "Tile",
    "construction_type": "Modular",
    "square_feet": 1971,
    "stories": 2
  },
  {
    "policy_id": "PTX009",
    "holder_id": "H0019",
    "state_code": "TX",
    "state": "Texas",
    "carrier": "Liberty Lakes Insurance",
    "effective_date": "2025-12-14",
    "expiration_date": "2026-12-14",
    "coverage_form": "HO-3",
    "annual_premium": 3610.0,
    "deductible_type": "flat",
    "deductible_value": 1000,
    "has_mortgagee": false,
    "mortgagee_name": "",
    "mortgagee_loan_no": "",
    "status": "Active",
    "coverage_a": 1200000,
    "coverage_b": 120000,
    "coverage_c": 840000,
    "coverage_d": 240000,
    "liability_limit": 300000,
    "med_pay_limit": 10000,
    "endorsements": "Water Backup; Service Line",
    "property_address": "7981 Elm St, Houston, TX 75024",
    "year_built": 2018,
    "roof_type": "Tile",
    "construction_type": "Brick",
    "square_feet": 2956,
    "stories": 2
  },
  {
    "policy_id": "PTX010",
    "holder_id": "H0020",
    "state_code": "TX",
    "state": "Texas",
    "carrier": "Centurion Mutual",
    "effective_date": "2024-03-25",
    "expiration_date": "2024-03-25",
    "coverage_form": "HO-3",
    "annual_premium": 2718.57,
    "deductible_type": "flat",
    "deductible_value": 1000,
    "has_mortgagee": true,
    "mortgagee_name": "AmeriHome Lending",
    "mortgagee_loan_no": "1362690779",
    "status": "Active",
    "coverage_a": 750000,
    "coverage_b": 75000,
    "coverage_c": 450000,
    "coverage_d": 225000,
    "liability_limit": 100000,
    "med_pay_limit": 5000,
    "endorsements": "Water Backup; Ordinance or Law 10%",
    "property_address": "4371 Elm St, Dallas, TX 78205",
    "year_built": 1986,
    "roof_type": "Wood",
    "construction_type": "Brick",
    "square_feet": 1144,
    "stories": 2
  },
  {
    "policy_id": "PCA001",
    "holder_id": "H0021",
    "state_code": "CA",
    "state": "California",
    "carrier": "Liberty Lakes Insurance",
    "effective_date": "2025-09-13",
    "expiration_date": "2025-09-13",
    "coverage_form": "HO-3",
    "annual_premium": 3049.05,
    "deductible_type": "flat",
    "deductible_value": 1500,
    "has_mortgagee": false,
    "mortgagee_name": "",
    "mortgagee_loan_no": "",
    "status": "Pending Renewal",
    "coverage_a": 1000000,
    "coverage_b": 100000,
    "coverage_c": 700000,
    "coverage_d": 200000,
    "liability_limit": 100000,
    "med_pay_limit": 1000,
    "endorsements": "Water Backup; Ordinance or Law 25%",
    "property_address": "9700 Elm St, San Diego, CA 93721",
    "year_built": 2007,
    "roof_type": "Metal",
    "construction_type": "Concrete",
    "square_feet": 2469,
    "stories": 2
  },
  {
    "policy_id": "PCA002",
    "holder_id": "H0022",
    "state_code": "CA",
    "state": "California",
    "carrier": "Summit Home & Casualty",
    "effective_date": "2025-10-26",
    "expiration_date": "2025-10-26",
    "coverage_form": "HO-3",
    "annual_premium": 3800.0,
    "deductible_type": "flat",
    "deductible_value": 1000,
    "has_mortgagee": true,
    "mortgagee_name": "First National Mortgage",
    "mortgagee_loan_no": "8634969708",
    "status": "Pending Renewal",
    "coverage_a": 1200000,
    "coverage_b": 120000,
    "coverage_c": 600000,
    "coverage_d": 300000,
    "liability_limit": 100000,
    "med_pay_limit": 10000,
    "endorsements": "Ordinance or Law 25%; Equipment Breakdown; ID Theft",
    "property_address": "1554 Willow Way, Sacramento, CA 90012",
    "year_built": 2008,
    "roof_type": "Slate",
    "construction_type": "Concrete",
    "square_feet": 3587,
    "stories": 2
  },
  {
    "policy_id": "PCA003",
    "holder_id": "H0023",
    "state_code": "CA",
    "state": "California",
    "carrier": "Liberty Lakes Insurance",
    "effective_date": "2025-09-18",
    "expiration_date": "2025-09-18",
    "coverage_form": "HO-3",
    "annual_premium": 3610.0,
    "deductible_type": "flat",
    "deductible_value": 1000,
    "has_mortgagee": false,
    "mortgagee_name": "",
    "mortgagee_loan_no": "",
    "status": "Active",
    "coverage_a": 1200000,
    "coverage_b": 120000,
    "coverage_c": 600000,
    "coverage_d": 240000,
    "liability_limit": 500000,
    "med_pay_limit": 10000,
    "endorsements": "ID Theft; Equipment Breakdown",
    "property_address": "2023 Spruce Ct, Fresno, CA 93721",
    "year_built": 2010,
    "roof_type": "Tile",
    "construction_type": "Concrete",
    "square_feet": 2249,
    "stories": 2
  },
  {
    "policy_id": "PCA004",
    "holder_id": "H0024",
    "state_code": "CA",
    "state": "California",
    "carrier": "Summit Home & Casualty",
    "effective_date": "2025-07-12",
    "expiration_date": "2025-07-12",
    "coverage_form": "HO-3",
    "annual_premium": 1094.76,
    "deductible_type": "flat",
    "deductible_value": 1000,
    "has_mortgagee": true,
    "mortgagee_name": "AmeriHome Lending",
    "mortgagee_loan_no": "2170004674",
    "status": "Pending Renewal",
    "coverage_a": 250000,
    "coverage_b": 25000,
    "coverage_c": 175000,
    "coverage_d": 50000,
    "liability_limit": 300000,
    "med_pay_limit": 5000,
    "endorsements": "Water Backup; ID Theft; Equipment Breakdown; Ordinance or Law 25%",
    "property_address": "3842 Birch Dr, San Diego, CA 92101",
    "year_built": 1952,
    "roof_type": "Metal",
    "construction_type": "Brick",
    "square_feet": 1110,
    "stories": 2
  },
  {
    "policy_id": "PCA005",
    "holder_id": "H0001",
    "state_code": "CA",
    "state": "California",
    "carrier": "Centurion Mutual",
    "effective_date": "2025-07-23",
    "expiration_date": "2025-07-23",
    "coverage_form": "HO-3",
    "annual_premium": 2582.64,
    "deductible_type": "flat",
    "deductible_value": 1500,
    "has_mortgagee": true,
    "mortgagee_name": "First National Mortgage",
    "mortgagee_loan_no": "6784439425",
    "status": "Active",
    "coverage_a": 750000,
    "coverage_b": 75000,
    "coverage_c": 375000,
    "coverage_d": 187500,
    "liability_limit": 500000,
    "med_pay_limit": 1000,
    "endorsements": "Water Backup; Equipment Breakdown",
    "property_address": "4520 Maple St, Irvine, CA 95113",
    "year_built": 1990,
    "roof_type": "Tile",
    "construction_type": "Brick",
    "square_feet": 3846,
    "stories": 1
  },
  {
    "policy_id": "PCA006",
    "holder_id": "H0002",
    "state_code": "CA",
    "state": "California",
    "carrier": "Centurion Mutual",
    "effective_date": "2024-06-28",
    "expiration_date": "2024-06-28",
    "coverage_form": "HO-3",
    "annual_premium": 3971.0,
    "deductible_type": "flat",
    "deductible_value": 2500,
    "has_mortgagee": true,
    "mortgagee_name": "First National Mortgage",
    "mortgagee_loan_no": "4714859208",
    "status": "Pending Renewal",
    "coverage_a": 1200000,
    "coverage_b": 120000,
    "coverage_c": 600000,
    "coverage_d": 240000,
    "liability_limit": 500000,
    "med_pay_limit": 10000,
    "endorsements": "Equipment Breakdown; ID Theft; Ordinance or Law 10%",
    "property_address": "6571 Walnut Pl, Sacramento, CA 92101",
    "year_built": 1950,
    "roof_type": "Wood",
    "construction_type": "Frame",
    "square_feet": 2866,
    "stories": 2
  },
  {
    "policy_id": "PCA007",
    "holder_id": "H0003",
    "state_code": "CA",
    "state": "California",
    "carrier": "Liberty Lakes Insurance",
    "effective_date": "2025-11-14",
    "expiration_date": "2025-11-14",
    "coverage_form": "HO-3",
    "annual_premium": 1225.95,
    "deductible_type": "flat",
    "deductible_value": 500,
    "has_mortgagee": true,
    "mortgagee_name": "United Bank Home Loans",
    "mortgagee_loan_no": "7169146234",
    "status": "Active",
    "coverage_a": 350000,
    "coverage_b": 35000,
    "coverage_c": 175000,
    "coverage_d": 105000,
    "liability_limit": 100000,
    "med_pay_limit": 10000,
    "endorsements": "Equipment Breakdown; Water Backup",
    "property_address": "638 Birch Dr, Irvine, CA 92101",
    "year_built": 2017,
    "roof_type": "Tile",
    "construction_type": "Modular",
    "square_feet": 3266,
    "stories": 2
  },
  {
    "policy_id": "PCA008",
    "holder_id": "H0004",
    "state_code": "CA",
    "state": "California",
    "carrier": "Liberty Lakes Insurance",
    "effective_date": "2024-11-17",
    "expiration_date": "2024-11-17",
    "coverage_form": "HO-3",
    "annual_premium": 3353.95,
    "deductible_type": "flat",
    "deductible_value": 2500,
    "has_mortgagee": true,
    "mortgagee_name": "United Bank Home Loans",
    "mortgagee_loan_no": "4492280769",
    "status": "Active",
    "coverage_a": 1000000,
    "coverage_b": 100000,
    "coverage_c": 700000,
    "coverage_d": 250000,
    "liability_limit": 300000,
    "med_pay_limit": 1000,
    "endorsements": "ID Theft; Equipment Breakdown; Ordinance or Law 25%",
    "property_address": "4759 Maple St, Los Angeles, CA 95113",
    "year_built": 1981,
    "roof_type": "Tile",
    "construction_type": "Concrete",
    "square_feet": 3658,
    "stories": 1
  },
  {
    "policy_id": "PCA009",
    "holder_id": "H0005",
    "state_code": "CA",
    "state": "California",
    "carrier": "Liberty Lakes Insurance",
    "effective_date": "2024-07-10",
    "expiration_date": "2024-07-10",
    "coverage_form": "HO-3",
    "annual_premium": 1348.55,
    "deductible_type": "flat",
    "deductible_value": 2500,
    "has_mortgagee": true,
    "mortgagee_name": "First National Mortgage",
    "mortgagee_loan_no": "4108602684",
    "status": "Pending Renewal",
    "coverage_a": 350000,
    "coverage_b": 35000,
    "coverage_c": 244999,
    "coverage_d": 105000,
    "liability_limit": 300000,
    "med_pay_limit": 10000,
    "endorsements": "Ordinance or Law 25%; ID Theft",
    "property_address": "7853 Elm St, Irvine, CA 95113",
    "year_built": 1960,
    "roof_type": "Metal",
    "construction_type": "Concrete",
    "square_feet": 2171,
    "stories": 1
  },
  {
    "policy_id": "PCA010",
    "holder_id": "H0006",
    "state_code": "CA",
    "state": "California",
    "carrier": "Liberty Lakes Insurance",
    "effective_date": "2024-05-06",
    "expiration_date": "2024-05-06",
    "coverage_form": "HO-3",
    "annual_premium": 3971.0,
    "deductible_type": "flat",
    "deductible_value": 2500,
    "has_mortgagee": true,
    "mortgagee_name": "United Bank Home Loans",
    "mortgagee_loan_no": "2702091301",
    "status": "Pending Renewal",
    "coverage_a": 1200000,
    "coverage_b": 120000,
    "coverage_c": 600000,
    "coverage_d": 240000,
    "liability_limit": 500000,
    "med_pay_limit": 10000,
    "endorsements": "Ordinance or Law 25%; Water Backup; Equipment Breakdown",
    "property_address": "8136 Elm St, Fresno, CA 92618",
    "year_built": 1954,
    "roof_type": "Metal",
    "construction_type": "Concrete",
    "square_feet": 3709,
    "stories": 2
  }
]