holder_id,first_name,last_name,date_of_birth,email,phone,mailing_address,mailing_city,mailing_state,mailing_zip
H0001,Morgan,Ortiz,1988-02-09,morgan.ortiz1@example.com,(850) 488-8849,3639 Spruce Ct,Irvine,TN,92618
H0002,Elliot,Iverson,1992-11-03,elliot.iverson2@example.com,(214) 579-8015,1234 Pine Rd,Dallas,TN,37209
H0003,Quinn,Ortiz,1984-07-24,quinn.ortiz3@example.com,(234) 536-9849,8251 Oak Ave,Frisco,TN,38117
H0004,Jordan,Evans,1993-10-23,jordan.evans4@example.com,(220) 664-3639,9144 Willow Way,Los Angeles,TX,38117
H0005,Morgan,Cooper,1977-07-22,morgan.cooper5@example.com,(440) 276-4233,3517 Walnut Pl,Chattanooga,TN,93721
H0006,Rowan,Turner,1994-09-11,rowan.turner6@example.com,(405) 549-3394,8878 Elm St,San Antonio,TX,95113
H0007,Elliot,Nguyen,1970-04-06,elliot.nguyen7@example.com,(696) 595-5353,539 Oak Ave,Murfreesboro,CA,95814
H0008,Alex,Robinson,1958-05-14,alex.robinson8@example.com,(813) 966-9555,3737 Walnut Pl,Plano,CA,37902
H0009,Morgan,Garcia,1985-01-26,morgan.garcia9@example.com,(540) 554-6023,4126 Oak Ave,Murfreesboro,TN,37408
H0010,Quinn,Miller,1962-09-03,quinn.miller10@example.com,(237) 892-9514,4057 Elm St,Murfreesboro,CA,37211
H0011,Cameron,Robinson,1979-04-18,cameron.robinson11@example.com,(882) 453-5028,2759 Hickory Blvd,Chattanooga,TX,92101
H0012,Rowan,Cooper,1995-03-05,rowan.cooper12@example.com,(253) 464-5749,669 Elm St,Dallas,TN,90012
H0013,Jordan,Lopez,1985-12-24,jordan.lopez13@example.com,(349) 354-8847,909 Birch Dr,Franklin,CA,92618
H0014,Rowan,Bennett,2000-09-25,rowan.bennett14@example.com,(574) 357-7041,9952 Elm St,Sacramento,CA,95814
H0015,Drew,Foster,1980-08-24,drew.foster15@example.com,(482) 342-1167,6364 Pine Rd,Nashville,TX,75024
H0016,Parker,Ueda,1975-03-19,parker.ueda16@example.com,(899) 615-3269,2287 Pine Rd,Memphis,TX,37902
H0017,Morgan,Bennett,1985-10-20,morgan.bennett17@example.com,(344) 273-2950,4709 Pine Rd,San Antonio,CA,75024
H0018,Reese,Robinson,1997-08-14,reese.robinson18@example.com,(836) 370-3974,3113 Elm St,Austin,CA,93721
H0019,Taylor,Vasquez,1989-02-13,taylor.vasquez19@example.com,(963) 992-1928,228 Elm St,San Jose,TN,90012
H0020,Hayden,Garcia,1996-01-05,hayden.garcia20@example.com,(438) 458-6138,786 Cedar Ln,Los Angeles,TN,78205
H0021,Drew,Smith,1993-07-18,drew.smith21@example.com,(701) 786-2614,9036 Walnut Pl,Knoxville,CA,75024
H0022,Elliot,Kim,1968-12-30,elliot.kim22@example.com,(839) 738-4105,1144 Walnut Pl,Plano,TN,75034
H0023,Jordan,Lopez,1986-07-31,jordan.lopez23@example.com,(630) 310-2246,1301 Spruce Ct,Irvine,CA,37211
H0024,Logan,Robinson,1979-11-02,logan.robinson24@example.com,(598) 611-2152,3794 Maple St,Knoxville,CA,92101
